{
    "alumnos":[
        {
            "alumno":"Pedro",
            "nota":10, 
            "ranking":10
        },
        {   "alumno":"Juan",
            "nota":4,
            "ranking":400
        },
        {   "alumno":"Andres",
            "nota":5,
            "ranking":300
        },
        {   "alumno":"Ana",
            "nota":6,
            "ranking":200
        },
        {   "alumno":"Carolina",
            "nota":7,
            "ranking":180
        },
        {   "alumno":"Erica",
            "nota":8,
            "ranking":150
        },
        {   "alumno":"Fabio",
            "nota":9,
            "ranking":100
        },
        {   "alumno":"Nico",
            "nota":10,
            "ranking":50
        }
    ]
}